id,nome,idade,cidade,estado,departamento,salario,vendas,avaliacao,data_admissao
1,Ana,53,Recife,PE,TI,8578.0,462465,,2024-02-16
2,Carlos,41,Curitiba,PR,Vendas,16018.0,201659,1.4,2025-03-04
3,Samuel,48,Brasília,DF,Financeiro,2852.0,272900,4.9,2019-12-02
4,Juliana,23,Recife,PE,RH,11594.0,461227,3.0,2020-03-08
5,Carlos,19,Belo Horizonte,MG,TI,16143.0,298522,1.6,2025-03-19
6,Helena,37,Fortaleza,CE,Vendas,14580.0,135327,2.4,2020-12-24
7,Nicolas,45,Brasília,DF,Marketing,9505.0,407700,2.7,2022-05-13
8,Samuel,28,Brasília,DF,TI,16536.0,125703,4.0,2020-01-01
9,Olivia,21,Recife,PE,TI,2658.0,318693,4.0,2019-02-04
10,Bruno,32,Rio de Janeiro,RJ,Vendas,12669.0,165575,3.4,2020-08-08
11,Juliana,23,Belo Horizonte,MG,TI,3456.0,335938,1.4,2022-10-03
12,Bruno,47,Recife,PE,Marketing,4571.0,499499,1.6,2023-04-12
13,Renata,55,Belo Horizonte,MG,Operações,11095.0,493948,1.4,2025-08-01
14,Helena,19,Belo Horizonte,MG,TI,17640.0,307257,3.3,2017-01-09
15,Ana,32,Fortaleza,CE,Operações,15303.0,498946,4.5,2021-10-21
16,Igor,28,Brasília,DF,Marketing,13471.0,74069,2.7,2021-07-14
17,Karina,25,Curitiba,PR,Vendas,12079.0,229189,1.6,2018-11-19
18,Paulo,43,Fortaleza,CE,RH,5953.0,398465,3.2,2024-12-03
19,Gabriel,62,Fortaleza,CE,TI,9175.0,251051,4.2,2025-05-28
20,Juliana,61,Belo Horizonte,MG,RH,3455.0,412417,4.0,2021-03-04
21,Carlos,22,Salvador,BA,Marketing,8795.0,125541,4.5,2020-12-28
22,Samuel,23,Brasília,DF,TI,4212.0,189648,2.1,2020-01-14
23,Mariana,43,Rio de Janeiro,RJ,Operações,17782.0,256353,1.8,2022-02-20
24,Gabriel,21,Fortaleza,CE,Financeiro,7203.0,271830,,2019-03-25
25,Daniela,36,Curitiba,PR,RH,9063.0,315507,3.6,2024-11-17
26,Mariana,37,Salvador,BA,TI,11965.0,359687,2.2,2023-12-04
27,Vinicius,50,Salvador,BA,RH,17976.0,131733,4.0,2018-11-30
28,Ana,37,Rio de Janeiro,RJ,TI,17701.0,175915,4.3,2024-07-31
29,Helena,29,Fortaleza,CE,Vendas,8131.0,95673,3.5,2021-09-01
30,Nicolas,64,Curitiba,PR,Operações,14503.0,454179,3.8,2016-12-25
31,Paulo,18,Brasília,DF,RH,13317.0,42828,2.5,2024-08-12
32,Nicolas,43,São Paulo,SP,Financeiro,13074.0,310748,3.2,2023-02-20
33,Lucas,31,Curitiba,PR,Financeiro,12133.0,272670,3.1,2023-06-12
34,Tatiane,55,Rio de Janeiro,RJ,Marketing,13671.0,331054,4.4,2021-08-03
35,Olivia,54,Salvador,BA,TI,12489.0,25592,4.4,2019-02-15
36,Bruno,28,Brasília,DF,RH,15082.0,291126,4.3,2020-06-23
37,Bruno,53,Curitiba,PR,Marketing,,262351,1.0,2019-11-04
38,Tatiane,30,São Paulo,SP,RH,15542.0,232041,4.0,2021-04-27
39,Renata,60,São Paulo,SP,TI,3894.0,350877,4.0,2017-11-09
40,Vinicius,20,Belo Horizonte,MG,Financeiro,14973.0,230008,3.7,2025-03-15
41,Juliana,50,Belo Horizonte,MG,Vendas,11961.0,124982,4.0,2022-10-23
42,Fernanda,23,Recife,PE,Financeiro,7232.0,256911,4.4,2024-02-28
43,Olivia,27,Rio de Janeiro,RJ,Marketing,16079.0,68619,2.9,2016-01-07
44,Karina,22,Fortaleza,CE,Operações,6214.0,160400,,2024-12-11
45,Eduardo,40,Curitiba,PR,Vendas,3029.0,308623,1.5,2022-10-04
46,Ana,27,Curitiba,PR,Marketing,14315.0,151175,2.5,2020-05-10
47,Helena,61,Fortaleza,CE,TI,16856.0,170963,3.6,2018-04-12
48,Lucas,19,Recife,PE,Vendas,5458.0,141826,4.1,2024-12-08
49,Lucas,30,Salvador,BA,Marketing,10404.0,231055,1.9,2023-02-19
50,Eduardo,57,Salvador,BA,TI,13606.0,343581,1.6,2024-10-24
51,Gabriel,19,Recife,PE,Financeiro,15581.0,98540,3.7,2020-12-15
52,Daniela,37,Salvador,BA,Operações,6091.0,335126,1.0,2024-12-17
53,Fernanda,18,Belo Horizonte,MG,TI,12839.0,102747,1.7,2025-08-16
54,Mariana,54,Curitiba,PR,RH,9395.0,186994,1.1,2018-07-02
55,Vinicius,26,Recife,PE,TI,15265.0,310375,1.7,2021-07-04
56,Olivia,34,Curitiba,PR,TI,16410.0,29301,1.7,2019-12-13
57,Carlos,26,Fortaleza,CE,Operações,14061.0,222724,2.6,2019-12-21
58,Helena,28,São Paulo,SP,RH,11631.0,193783,2.6,2024-05-12
59,Vinicius,32,Belo Horizonte,MG,Marketing,3025.0,172395,4.5,2020-02-11
60,Paulo,41,Brasília,DF,Marketing,8977.0,18752,3.0,2025-09-16
61,Mariana,55,Belo Horizonte,MG,TI,2501.0,491128,3.9,2016-05-05
62,Samuel,52,Recife,PE,RH,2874.0,213277,1.4,2022-09-08
63,Juliana,47,Brasília,DF,RH,13032.0,360596,1.9,2018-03-27
64,Tatiane,48,São Paulo,SP,Operações,,144467,3.8,2024-01-07
65,Renata,22,Recife,PE,Financeiro,14697.0,217029,1.2,2021-01-03
66,Tatiane,61,Rio de Janeiro,RJ,Marketing,13744.0,383381,2.9,2017-07-29
67,Eduardo,31,Curitiba,PR,Operações,7148.0,56273,3.4,2022-06-30
68,Igor,28,São Paulo,SP,Vendas,4865.0,258503,3.4,2019-11-16
69,Lucas,26,Curitiba,PR,Marketing,4025.0,91878,1.1,2018-07-18
70,Ana,51,Salvador,BA,Operações,16639.0,267039,2.3,2020-01-03
71,Ana,29,Rio de Janeiro,RJ,Marketing,15168.0,119968,3.5,2024-12-19
72,Olivia,52,Rio de Janeiro,RJ,Financeiro,4146.0,377844,1.6,2025-09-27
73,Bruno,52,São Paulo,SP,Vendas,,76559,3.8,2018-04-12
74,Paulo,18,Rio de Janeiro,RJ,Financeiro,7099.0,10699,4.0,2018-11-20
75,Helena,57,Brasília,DF,Vendas,4778.0,196133,4.9,2025-06-21
76,Mariana,39,Rio de Janeiro,RJ,TI,16796.0,9715,1.8,2020-07-06
77,Ana,46,Curitiba,PR,Operações,,19169,4.3,2021-03-15
78,Paulo,25,Curitiba,PR,Vendas,10821.0,118413,3.1,2019-12-28
79,Gabriel,28,Recife,PE,Financeiro,6314.0,409379,2.5,2023-11-24
80,Eduardo,58,Curitiba,PR,Marketing,15625.0,119264,1.5,2024-02-21
81,Carlos,54,Recife,PE,Vendas,5716.0,267926,3.9,2019-10-31
82,Lucas,31,Curitiba,PR,Operações,13630.0,219249,1.9,2025-05-08
83,Paulo,47,Brasília,DF,Vendas,,124481,2.5,2017-03-18
84,Tatiane,52,Fortaleza,CE,RH,12732.0,215400,1.3,2021-10-23
85,Eduardo,38,Recife,PE,Marketing,10719.0,35585,4.2,2017-07-10
86,Nicolas,54,Belo Horizonte,MG,Operações,4613.0,292826,4.1,2019-03-24
87,Eduardo,22,Salvador,BA,Operações,11944.0,178936,3.9,2025-08-02
88,Olivia,36,São Paulo,SP,TI,6856.0,392136,2.2,2021-07-30
89,Renata,31,Curitiba,PR,Financeiro,12738.0,346560,1.7,2016-12-28
90,Nicolas,43,Rio de Janeiro,RJ,TI,16260.0,448330,3.6,2022-10-31
91,Vinicius,21,Fortaleza,CE,Operações,8043.0,389954,3.0,2019-06-11
92,Eduardo,42,Curitiba,PR,Marketing,7055.0,38067,1.7,2025-12-13
93,Lucas,62,Rio de Janeiro,RJ,Vendas,14715.0,173757,3.7,2021-01-15
94,Paulo,59,Salvador,BA,Vendas,15088.0,253334,5.0,2022-04-28
95,Paulo,42,Salvador,BA,Marketing,9562.0,18073,4.0,2021-01-24
96,Gabriel,35,Salvador,BA,Operações,5874.0,36035,4.0,2021-12-12
97,Daniela,57,Rio de Janeiro,RJ,Vendas,8930.0,196049,4.8,2018-06-29
98,Ana,25,Curitiba,PR,Vendas,5966.0,233782,1.8,2016-09-01
99,Eduardo,56,Salvador,BA,Vendas,5581.0,90373,3.3,2017-06-25
100,Juliana,57,Brasília,DF,Financeiro,14470.0,345506,4.9,2022-12-07
101,Eduardo,31,Recife,PE,Financeiro,3129.0,90517,1.7,2021-12-09
102,Daniela,49,Rio de Janeiro,RJ,RH,2769.0,65450,3.8,2021-12-12
103,Bruno,55,Rio de Janeiro,RJ,TI,13331.0,10382,3.3,2020-04-21
104,Vinicius,50,Curitiba,PR,Marketing,12685.0,397653,3.3,2022-01-26
105,Juliana,40,Rio de Janeiro,RJ,Marketing,8224.0,202043,3.8,2016-05-03
106,Tatiane,32,Rio de Janeiro,RJ,Marketing,8397.0,457828,4.7,2024-07-03
107,Ana,50,Salvador,BA,RH,13583.0,221427,4.1,2024-08-24
108,Eduardo,42,Curitiba,PR,Financeiro,15649.0,61929,1.2,2023-05-17
109,Mariana,34,Salvador,BA,Operações,5932.0,233483,4.4,2020-09-27
110,Daniela,50,Recife,PE,Operações,11972.0,228590,1.9,2018-02-24
111,Paulo,64,Fortaleza,CE,RH,8776.0,361008,2.5,2021-08-05
112,Paulo,19,Recife,PE,Operações,8395.0,143401,2.8,2022-02-26
113,Bruno,31,Fortaleza,CE,Marketing,16494.0,256677,2.9,2022-08-13
114,Renata,57,Salvador,BA,TI,9615.0,287313,2.7,2018-03-07
115,Vinicius,57,Recife,PE,Vendas,9156.0,87468,4.7,2016-03-17
116,Lucas,56,Curitiba,PR,Financeiro,13052.0,34594,3.8,2016-02-28
117,Samuel,23,São Paulo,SP,Financeiro,3075.0,470173,3.5,2022-10-14
118,Carlos,23,Salvador,BA,RH,9529.0,191703,1.2,2023-05-09
119,Ana,20,Fortaleza,CE,Financeiro,8599.0,45033,4.6,2020-03-03
120,Ana,24,Brasília,DF,Marketing,11999.0,63133,4.6,2021-04-20
121,Tatiane,25,Fortaleza,CE,Operações,5692.0,466381,4.1,2021-11-26
122,Karina,59,Brasília,DF,Marketing,5678.0,73861,1.0,2024-05-13
123,Eduardo,32,Rio de Janeiro,RJ,RH,8552.0,183362,1.2,2019-07-25
124,Lucas,64,Recife,PE,Marketing,5234.0,487247,1.9,2016-03-08
125,Carlos,46,Brasília,DF,Operações,8616.0,293894,1.5,2024-08-06
126,Ana,50,Fortaleza,CE,TI,12904.0,488371,2.6,2024-11-10
127,Ana,47,Rio de Janeiro,RJ,RH,13044.0,40461,4.7,2025-09-30
128,Helena,56,São Paulo,SP,TI,6068.0,467016,2.9,2022-06-10
129,Juliana,44,Curitiba,PR,Vendas,12347.0,78222,1.1,2021-04-16
130,Karina,53,Curitiba,PR,TI,12271.0,112020,2.1,2023-06-14
131,Lucas,46,Curitiba,PR,Vendas,,286370,,2016-12-30
132,Mariana,55,Brasília,DF,Vendas,4703.0,268865,1.1,2018-03-31
133,Lucas,50,São Paulo,SP,TI,3890.0,449370,2.1,2019-11-03
134,Nicolas,54,Brasília,DF,RH,4242.0,20609,2.1,2022-07-18
135,Bruno,44,Recife,PE,Operações,4425.0,445346,4.1,2018-08-04
136,Tatiane,50,Brasília,DF,Marketing,3119.0,130513,4.9,2024-01-25
137,Samuel,21,São Paulo,SP,Marketing,3774.0,203981,2.5,2020-04-26
138,Carlos,39,São Paulo,SP,Operações,3456.0,104211,2.7,2019-10-09
139,Renata,19,Recife,PE,Vendas,4439.0,186321,4.4,2019-12-10
140,Helena,27,São Paulo,SP,Vendas,6453.0,442111,2.1,2024-09-15
141,Juliana,22,Fortaleza,CE,RH,13073.0,487689,1.6,2025-12-13
142,Bruno,27,São Paulo,SP,Financeiro,3468.0,398872,4.4,2018-01-31
143,Tatiane,50,Curitiba,PR,TI,17346.0,387009,1.2,2025-10-08
144,Igor,55,Fortaleza,CE,Vendas,12008.0,336664,3.5,2016-12-06
145,Gabriel,30,Fortaleza,CE,Marketing,11735.0,456956,3.2,2024-03-08
146,Daniela,48,Recife,PE,RH,2781.0,326453,2.4,2017-01-17
147,Samuel,64,Belo Horizonte,MG,TI,13536.0,29984,2.3,2018-09-30
148,Mariana,53,Belo Horizonte,MG,RH,17860.0,118947,4.1,2020-04-05
149,Karina,62,São Paulo,SP,TI,8762.0,204894,,2016-10-26
150,Daniela,41,Fortaleza,CE,TI,3558.0,5901,1.9,2016-05-18
151,Daniela,32,Belo Horizonte,MG,Operações,6793.0,162624,3.9,2016-12-24
152,Juliana,46,Belo Horizonte,MG,Vendas,13224.0,222317,,2018-04-15
153,Eduardo,25,São Paulo,SP,RH,14520.0,293199,1.5,2020-03-02
154,Igor,22,Belo Horizonte,MG,RH,7678.0,168757,4.5,2025-06-18
155,Carlos,46,Brasília,DF,Operações,9480.0,467181,2.6,2020-06-15
156,Renata,64,Rio de Janeiro,RJ,Marketing,15972.0,145788,4.3,2021-06-05
157,Carlos,21,Recife,PE,Marketing,11700.0,114099,4.2,2019-07-27
158,Paulo,29,Rio de Janeiro,RJ,Vendas,17526.0,11138,3.5,2022-12-05
159,Daniela,62,São Paulo,SP,Vendas,3729.0,166370,3.0,2018-06-27
160,Samuel,19,Curitiba,PR,Financeiro,11727.0,444328,4.9,2019-02-08
161,Renata,44,Recife,PE,Operações,7085.0,23429,1.6,2023-12-23
162,Gabriel,48,São Paulo,SP,Marketing,10967.0,50200,3.9,2021-12-26
163,Eduardo,53,Fortaleza,CE,TI,5240.0,202380,1.8,2018-09-22
164,Lucas,53,Curitiba,PR,RH,4789.0,441460,2.4,2022-10-18
165,Renata,43,Rio de Janeiro,RJ,Vendas,3739.0,248289,2.2,2022-12-31
166,Mariana,60,São Paulo,SP,RH,7870.0,245127,4.8,2022-05-09
167,Carlos,44,Fortaleza,CE,RH,2625.0,363412,4.9,2024-09-05
168,Igor,22,Recife,PE,Financeiro,14757.0,236513,1.7,2021-11-21
169,Renata,37,Recife,PE,Marketing,15004.0,17347,1.1,2019-05-22
170,Renata,28,Salvador,BA,Vendas,9973.0,147992,3.9,2020-11-19
171,Vinicius,27,Fortaleza,CE,RH,14560.0,31822,2.7,2023-09-10
172,Paulo,57,Brasília,DF,Vendas,11900.0,439875,1.4,2023-10-05
173,Mariana,55,Belo Horizonte,MG,TI,17898.0,40108,3.7,2016-06-13
174,Tatiane,23,Curitiba,PR,Financeiro,7842.0,391099,3.2,2018-09-25
175,Renata,25,Fortaleza,CE,TI,9851.0,482315,4.9,2023-01-11
176,Daniela,40,Salvador,BA,Vendas,9138.0,7967,1.9,2019-07-31
177,Lucas,64,Belo Horizonte,MG,Vendas,9070.0,372863,2.6,2023-01-08
178,Igor,43,Belo Horizonte,MG,Marketing,5749.0,11871,3.2,2017-10-18
179,Tatiane,63,São Paulo,SP,RH,11610.0,225371,4.2,2023-04-14
180,Lucas,60,Belo Horizonte,MG,RH,10095.0,208524,3.2,2022-01-20
181,Igor,29,Brasília,DF,TI,16105.0,205342,3.5,2021-03-24
182,Gabriel,43,Recife,PE,Financeiro,14615.0,164685,1.9,2021-08-08
183,Nicolas,30,Salvador,BA,Operações,8794.0,28179,4.4,2021-10-12
184,Vinicius,57,Belo Horizonte,MG,RH,9027.0,251537,2.7,2024-08-28
185,Tatiane,35,São Paulo,SP,Marketing,8257.0,183260,1.6,2019-02-14
186,Olivia,42,Brasília,DF,TI,15095.0,317243,3.7,2021-03-04
187,Paulo,50,Rio de Janeiro,RJ,TI,16147.0,35262,1.9,2016-09-23
188,Eduardo,64,Recife,PE,Operações,4469.0,340357,1.4,2021-01-19
189,Carlos,57,Recife,PE,Marketing,13485.0,379551,4.4,2020-09-04
190,Lucas,60,Salvador,BA,Financeiro,3391.0,411484,2.8,2025-12-09
191,Vinicius,29,Recife,PE,Marketing,6970.0,471082,4.0,2024-10-16
192,Daniela,61,Belo Horizonte,MG,Financeiro,9675.0,348413,2.2,2022-04-12
193,Paulo,53,São Paulo,SP,Marketing,12725.0,60545,4.1,2022-09-08
194,Gabriel,65,Recife,PE,Marketing,12056.0,234555,1.4,2020-02-19
195,Mariana,21,Recife,PE,Vendas,10820.0,223894,2.4,2017-04-20
196,Juliana,22,Rio de Janeiro,RJ,TI,11706.0,203218,4.9,2025-10-28
197,Gabriel,54,Rio de Janeiro,RJ,Marketing,12491.0,465182,4.2,2018-09-03
198,Nicolas,25,Curitiba,PR,Operações,9312.0,302066,3.0,2019-04-22
199,Eduardo,59,Brasília,DF,Marketing,10019.0,472580,2.4,2018-11-09
200,Carlos,45,Belo Horizonte,MG,RH,16169.0,42913,4.5,2021-05-14
201,Karina,48,Recife,PE,TI,7112.0,359177,3.2,2017-07-11
202,Karina,26,Fortaleza,CE,RH,12210.0,366936,4.0,2018-10-14
203,Samuel,46,Recife,PE,TI,14873.0,250497,4.0,2025-11-04
204,Olivia,31,São Paulo,SP,RH,3698.0,448893,1.1,2020-05-24
205,Lucas,57,Curitiba,PR,Marketing,14565.0,495370,1.5,2025-11-09
206,Igor,58,Brasília,DF,Marketing,17146.0,443057,3.6,2018-06-01
207,Juliana,39,Fortaleza,CE,Vendas,7738.0,177404,1.6,2022-01-03
208,Lucas,28,Curitiba,PR,Operações,13166.0,485278,2.0,2017-10-27
209,Renata,40,Salvador,BA,RH,8589.0,382007,4.8,2025-03-29
210,Fernanda,18,Brasília,DF,Financeiro,14177.0,488910,3.2,2023-04-21
211,Gabriel,63,Recife,PE,Vendas,8757.0,156104,4.0,2020-11-06
212,Nicolas,54,Recife,PE,RH,14741.0,168918,3.2,2023-11-07
213,Mariana,38,Brasília,DF,RH,10205.0,190546,3.2,2018-05-13
214,Helena,43,Recife,PE,Vendas,6219.0,44936,1.4,2017-08-04
215,Juliana,63,Belo Horizonte,MG,Marketing,2802.0,160866,2.4,2024-05-28
216,Igor,53,Brasília,DF,RH,17579.0,192660,2.1,2017-11-25
217,Samuel,40,Curitiba,PR,Marketing,14644.0,202056,2.6,2019-06-05
218,Bruno,18,Brasília,DF,Vendas,15375.0,443547,4.2,2024-09-08
219,Eduardo,57,Fortaleza,CE,Marketing,3486.0,225469,2.5,2020-05-29
220,Eduardo,32,Recife,PE,TI,12555.0,28141,2.8,2025-07-20
221,Fernanda,38,Belo Horizonte,MG,Financeiro,6940.0,402290,2.6,2019-05-24
222,Tatiane,64,Belo Horizonte,MG,RH,7409.0,137478,1.4,2022-09-20
223,Helena,26,Salvador,BA,Operações,16775.0,97359,2.8,2017-02-02
224,Paulo,26,Curitiba,PR,Financeiro,17636.0,385423,1.8,2021-04-30
225,Mariana,27,Rio de Janeiro,RJ,Marketing,5572.0,154363,1.7,2017-12-15
226,Ana,43,Rio de Janeiro,RJ,RH,16098.0,41568,1.4,2017-12-04
227,Vinicius,58,Brasília,DF,Marketing,16787.0,97539,2.4,2023-09-09
228,Renata,52,Salvador,BA,TI,16465.0,46851,4.0,2022-12-21
229,Gabriel,42,São Paulo,SP,Vendas,5624.0,493158,2.1,2025-09-06
230,Mariana,43,Brasília,DF,RH,12019.0,54823,2.2,2020-09-10
231,Daniela,28,Salvador,BA,TI,15880.0,23312,3.6,2021-05-26
232,Daniela,55,Curitiba,PR,TI,13100.0,436324,1.8,2024-04-09
233,Fernanda,19,Curitiba,PR,RH,14365.0,460134,4.6,2016-03-22
234,Tatiane,24,Curitiba,PR,Marketing,10625.0,427387,3.1,2017-08-26
235,Lucas,35,Curitiba,PR,Operações,5791.0,434995,2.8,2021-05-24
236,Gabriel,44,Curitiba,PR,TI,6533.0,199900,3.2,2020-09-06
237,Juliana,51,Salvador,BA,Financeiro,7605.0,360867,1.7,2021-08-08
238,Tatiane,44,Salvador,BA,TI,3203.0,274555,3.5,2023-09-20
239,Gabriel,34,Belo Horizonte,MG,Operações,10633.0,496037,2.5,2018-06-21
240,Carlos,60,Fortaleza,CE,Marketing,3074.0,249062,4.6,2016-12-30
241,Mariana,61,Rio de Janeiro,RJ,Marketing,8204.0,319153,1.7,2016-06-11
242,Mariana,41,Recife,PE,Financeiro,13924.0,408638,3.0,2024-07-16
243,Samuel,42,Curitiba,PR,TI,10348.0,435684,,2023-01-02
244,Vinicius,24,São Paulo,SP,Marketing,7708.0,32371,1.1,2025-04-23
245,Helena,23,Recife,PE,Operações,15475.0,57022,2.5,2021-02-06
246,Igor,41,Salvador,BA,RH,9424.0,333373,3.9,2016-04-25
247,Gabriel,50,São Paulo,SP,Vendas,13324.0,99071,4.3,2024-03-07
248,Ana,46,São Paulo,SP,Vendas,6328.0,182268,2.3,2022-07-12
249,Carlos,60,São Paulo,SP,Vendas,17424.0,473570,,2018-05-30
250,Mariana,39,Belo Horizonte,MG,TI,5730.0,358918,4.9,2023-08-16
251,Renata,43,Salvador,BA,Financeiro,2988.0,489626,4.4,2018-04-19
252,Ana,45,São Paulo,SP,Marketing,9614.0,288859,1.5,2022-01-03
253,Fernanda,38,Curitiba,PR,RH,12039.0,289749,4.0,2025-12-25
254,Fernanda,24,Brasília,DF,Operações,14373.0,99853,,2019-09-08
255,Lucas,34,São Paulo,SP,RH,5673.0,31174,5.0,2022-10-26
256,Mariana,37,Belo Horizonte,MG,Operações,,403172,2.9,2023-11-24
257,Mariana,58,Recife,PE,TI,4167.0,497660,1.5,2018-11-02
258,Olivia,37,Salvador,BA,Vendas,12329.0,76373,3.9,2018-07-31
259,Paulo,39,Fortaleza,CE,TI,6614.0,331396,2.3,2025-10-05
260,Karina,45,Belo Horizonte,MG,Financeiro,6053.0,193021,5.0,2020-09-20
261,Eduardo,57,São Paulo,SP,Financeiro,10261.0,193718,4.9,2022-05-23
262,Daniela,24,Salvador,BA,Operações,17232.0,70017,3.6,2023-07-30
263,Carlos,18,Brasília,DF,Marketing,3500.0,63037,1.5,2019-02-11
264,Tatiane,49,São Paulo,SP,Marketing,11542.0,89818,3.7,2022-12-02
265,Vinicius,30,Belo Horizonte,MG,Operações,3888.0,6548,1.4,2016-01-22
266,Samuel,47,Rio de Janeiro,RJ,Financeiro,7950.0,116981,1.1,2025-05-13
267,Olivia,40,Curitiba,PR,Financeiro,6212.0,234213,4.3,2020-10-15
268,Igor,36,Fortaleza,CE,Financeiro,3867.0,204366,1.8,2017-11-13
269,Renata,49,Recife,PE,TI,10689.0,154249,2.5,2025-12-16
270,Nicolas,47,Belo Horizonte,MG,Financeiro,11513.0,286166,4.9,2024-02-01
271,Olivia,46,Salvador,BA,RH,2954.0,106297,2.3,2021-01-07
272,Ana,62,Fortaleza,CE,Vendas,12316.0,136614,2.2,2022-06-25
273,Carlos,46,Fortaleza,CE,Financeiro,5272.0,222084,4.7,2016-05-05
274,Paulo,47,Fortaleza,CE,Operações,6226.0,489536,1.4,2016-10-03
275,Karina,33,São Paulo,SP,Vendas,9732.0,60428,4.0,2021-06-22
276,Lucas,57,Curitiba,PR,TI,13839.0,153812,5.0,2019-05-12
277,Juliana,36,São Paulo,SP,Operações,14781.0,321497,4.6,2022-02-19
278,Paulo,35,Salvador,BA,Vendas,7306.0,483569,3.6,2025-11-27
279,Helena,18,São Paulo,SP,Operações,4690.0,113132,2.3,2017-11-26
280,Fernanda,31,Rio de Janeiro,RJ,TI,11608.0,187604,2.0,2019-08-02
281,Lucas,64,Curitiba,PR,RH,14678.0,16052,4.3,2016-02-26
282,Helena,19,Curitiba,PR,TI,5375.0,100689,4.5,2025-03-28
283,Daniela,45,Salvador,BA,TI,17440.0,178148,3.1,2024-11-08
284,Helena,47,Recife,PE,Operações,8092.0,446636,2.0,2016-01-19
285,Samuel,55,Rio de Janeiro,RJ,Marketing,3940.0,131743,1.5,2025-06-03
286,Eduardo,21,Belo Horizonte,MG,Financeiro,15092.0,262307,1.3,2022-04-30
287,Igor,18,São Paulo,SP,Financeiro,11427.0,303568,,2023-10-12
288,Daniela,25,Brasília,DF,RH,14260.0,446960,2.7,2016-04-22
289,Renata,46,São Paulo,SP,RH,17126.0,463547,4.6,2025-09-29
290,Igor,56,Fortaleza,CE,Financeiro,8559.0,403850,4.0,2025-04-21
291,Ana,20,São Paulo,SP,Marketing,16937.0,135870,1.8,2017-06-25
292,Vinicius,49,Belo Horizonte,MG,Financeiro,16797.0,284564,3.5,2023-05-18
293,Mariana,27,São Paulo,SP,Marketing,14030.0,120575,2.7,2017-08-01
294,Paulo,27,Rio de Janeiro,RJ,RH,9510.0,258230,3.3,2018-12-24
295,Mariana,36,Rio de Janeiro,RJ,Vendas,13707.0,291444,4.0,2025-03-17
296,Nicolas,63,Curitiba,PR,Operações,9617.0,352025,4.2,2016-01-25
297,Carlos,51,Salvador,BA,RH,13581.0,10749,4.4,2020-04-21
298,Fernanda,50,Recife,PE,RH,11653.0,104131,2.0,2021-08-10
299,Samuel,40,Brasília,DF,TI,5489.0,156193,1.1,2024-02-06
300,Tatiane,45,Fortaleza,CE,TI,14540.0,390707,4.0,2020-04-21
301,Eduardo,49,São Paulo,SP,TI,11718.0,299631,1.4,2016-05-20
302,Olivia,24,São Paulo,SP,Operações,8728.0,225019,2.3,2020-11-02
303,Bruno,46,Belo Horizonte,MG,TI,14557.0,426577,1.0,2017-10-09
304,Juliana,25,Salvador,BA,Marketing,8971.0,283367,3.7,2022-02-13
305,Samuel,18,Rio de Janeiro,RJ,Financeiro,5363.0,72930,1.7,2024-10-04
306,Mariana,20,Brasília,DF,Vendas,16261.0,145128,3.6,2016-07-19
307,Eduardo,41,Curitiba,PR,RH,13193.0,290524,5.0,2024-10-03
308,Ana,40,Rio de Janeiro,RJ,Marketing,12639.0,288179,1.3,2016-09-13
309,Ana,25,Fortaleza,CE,Vendas,17464.0,292764,1.3,2017-06-30
310,Samuel,64,Salvador,BA,Marketing,3677.0,413093,2.4,2022-02-19
311,Olivia,54,Fortaleza,CE,Marketing,7260.0,256553,4.5,2023-07-13
312,Renata,20,Recife,PE,RH,2511.0,448532,1.9,2024-09-10
313,Karina,50,Curitiba,PR,Financeiro,7752.0,195113,2.4,2025-11-15
314,Renata,45,Recife,PE,TI,,379504,1.3,2025-02-18
315,Mariana,64,Belo Horizonte,MG,Operações,14056.0,53352,4.1,2018-03-12
316,Ana,25,Fortaleza,CE,Financeiro,13714.0,424127,2.6,2018-07-30
317,Bruno,51,Belo Horizonte,MG,Operações,14063.0,163856,4.0,2025-06-17
318,Igor,52,São Paulo,SP,RH,16551.0,3191,4.6,2025-02-13
319,Carlos,49,Recife,PE,RH,13522.0,426376,1.9,2017-02-17
320,Ana,41,Salvador,BA,RH,10734.0,352680,4.2,2021-07-07
321,Paulo,31,Fortaleza,CE,Vendas,11635.0,104576,1.2,2019-10-13
322,Fernanda,49,Brasília,DF,Operações,13082.0,195713,4.6,2019-01-03
323,Renata,63,Curitiba,PR,Financeiro,7945.0,442939,3.6,2025-05-19
324,Eduardo,60,Rio de Janeiro,RJ,Financeiro,13237.0,3631,4.5,2018-06-28
325,Eduardo,33,Salvador,BA,Marketing,,137244,1.0,2016-07-06
326,Fernanda,21,Salvador,BA,Marketing,15678.0,304224,1.7,2021-07-08
327,Carlos,54,Belo Horizonte,MG,Marketing,9070.0,220169,2.6,2019-08-06
328,Eduardo,38,Recife,PE,RH,11696.0,90353,2.5,2021-09-23
329,Eduardo,31,Fortaleza,CE,Financeiro,10712.0,413497,1.9,2025-12-23
330,Juliana,48,Fortaleza,CE,Operações,2906.0,28671,2.5,2021-10-31
331,Juliana,65,São Paulo,SP,RH,17454.0,122811,1.5,2019-02-20
332,Tatiane,35,São Paulo,SP,Vendas,11706.0,182503,2.7,2016-12-23
333,Renata,24,Curitiba,PR,Marketing,6931.0,221972,4.2,2020-03-31
334,Nicolas,27,Belo Horizonte,MG,RH,12530.0,253211,2.9,2018-12-25
335,Igor,24,Salvador,BA,RH,13880.0,389878,1.1,2024-03-02
336,Nicolas,50,Fortaleza,CE,Vendas,7743.0,224033,2.7,2020-08-07
337,Ana,40,Brasília,DF,TI,9042.0,421818,1.1,2022-08-19
338,Tatiane,38,Belo Horizonte,MG,Financeiro,9436.0,219861,4.9,2016-06-10
339,Mariana,36,Curitiba,PR,Operações,16615.0,313543,1.5,2025-06-13
340,Mariana,65,Curitiba,PR,TI,11406.0,154544,3.8,2025-05-22
341,Daniela,36,Belo Horizonte,MG,Marketing,6646.0,180302,4.9,2024-12-03
342,Ana,53,Curitiba,PR,RH,14546.0,466832,4.3,2022-06-27
343,Renata,46,Belo Horizonte,MG,Vendas,15111.0,7099,3.8,2017-03-25
344,Helena,35,Rio de Janeiro,RJ,Vendas,15576.0,249686,4.4,2020-02-06
345,Bruno,19,Belo Horizonte,MG,Financeiro,2640.0,418647,4.9,2018-11-02
346,Helena,18,Recife,PE,TI,15257.0,56492,3.5,2022-02-09
347,Gabriel,64,Belo Horizonte,MG,Financeiro,7382.0,96722,3.2,2021-11-28
348,Bruno,22,Curitiba,PR,RH,16613.0,440900,3.5,2021-05-04
349,Carlos,37,Fortaleza,CE,Financeiro,16145.0,30111,3.1,2022-12-30
350,Samuel,28,Recife,PE,Operações,8512.0,498603,3.5,2019-08-06
351,Lucas,59,Curitiba,PR,Vendas,3463.0,63936,,2022-05-31
352,Ana,19,São Paulo,SP,Vendas,9651.0,153686,1.9,2025-08-23
353,Lucas,20,São Paulo,SP,Marketing,,223332,1.5,2024-01-30
354,Eduardo,40,Fortaleza,CE,Marketing,14327.0,435207,1.3,2019-05-23
355,Renata,29,Fortaleza,CE,RH,13233.0,201548,2.1,2018-08-31
356,Paulo,37,Recife,PE,Operações,6110.0,249031,1.2,2017-09-23
357,Olivia,22,Rio de Janeiro,RJ,TI,12384.0,323064,3.3,2020-05-09
358,Olivia,54,Fortaleza,CE,Financeiro,9394.0,487510,2.1,2018-11-16
359,Eduardo,55,São Paulo,SP,RH,15967.0,63530,4.3,2023-08-12
360,Nicolas,47,Belo Horizonte,MG,Marketing,,429440,1.3,2025-01-15
361,Bruno,26,Curitiba,PR,Financeiro,16459.0,269932,1.9,2020-05-07
362,Karina,51,São Paulo,SP,Marketing,9811.0,28082,3.9,2022-06-26
363,Tatiane,61,São Paulo,SP,Financeiro,2605.0,385431,3.4,2024-02-08
364,Gabriel,52,Rio de Janeiro,RJ,TI,8039.0,89570,1.3,2025-01-17
365,Fernanda,39,Recife,PE,RH,17505.0,101015,4.5,2020-08-20
366,Bruno,61,Recife,PE,Financeiro,12373.0,207888,4.5,2017-03-12
367,Fernanda,41,Salvador,BA,Operações,14789.0,345732,2.3,2023-09-29
368,Samuel,34,Rio de Janeiro,RJ,Vendas,14708.0,147603,2.4,2020-04-05
369,Bruno,27,Belo Horizonte,MG,Operações,13328.0,350484,5.0,2025-07-06
370,Samuel,47,Recife,PE,Operações,9287.0,94439,3.5,2018-12-12
371,Olivia,63,Curitiba,PR,Vendas,4637.0,438073,3.1,2025-04-07
372,Tatiane,40,Fortaleza,CE,Operações,14108.0,141214,4.4,2019-07-28
373,Bruno,49,Rio de Janeiro,RJ,Financeiro,6945.0,115053,2.1,2023-08-05
374,Vinicius,34,Fortaleza,CE,Financeiro,6030.0,48355,2.7,2021-09-09
375,Fernanda,34,São Paulo,SP,Financeiro,3786.0,403082,2.1,2022-07-12
376,Ana,31,Curitiba,PR,Vendas,,201139,4.2,2016-07-01
377,Olivia,26,Curitiba,PR,Operações,15850.0,234706,3.3,2024-06-21
378,Juliana,57,São Paulo,SP,Vendas,9552.0,497030,3.6,2023-02-04
379,Tatiane,19,Rio de Janeiro,RJ,Financeiro,16994.0,125426,2.0,2020-01-09
380,Renata,62,São Paulo,SP,Operações,6154.0,64027,1.9,2024-08-11
381,Eduardo,42,Fortaleza,CE,Operações,9602.0,451122,3.0,2024-06-08
382,Daniela,56,Salvador,BA,Marketing,4859.0,159210,4.0,2025-09-25
383,Juliana,26,Curitiba,PR,Marketing,10605.0,92601,3.1,2020-01-19
384,Renata,39,Brasília,DF,TI,11136.0,29956,1.1,2020-05-08
385,Juliana,60,Brasília,DF,RH,8941.0,238340,4.5,2020-05-06
386,Renata,63,Fortaleza,CE,Marketing,7547.0,104797,,2017-10-21
387,Vinicius,21,Belo Horizonte,MG,Vendas,10727.0,387061,4.8,2016-06-08
388,Eduardo,43,Recife,PE,Marketing,7703.0,388447,1.1,2024-06-12
389,Bruno,46,São Paulo,SP,TI,12167.0,469511,3.8,2024-11-23
390,Fernanda,62,São Paulo,SP,Operações,14649.0,136511,1.3,2022-09-25
391,Bruno,51,Belo Horizonte,MG,TI,4298.0,440457,4.6,2018-10-08
392,Mariana,40,Belo Horizonte,MG,Operações,12537.0,304677,2.9,2016-02-22
393,Karina,54,Fortaleza,CE,Operações,12100.0,421486,1.6,2022-09-21
394,Karina,28,Fortaleza,CE,RH,7791.0,78815,2.4,2023-12-04
395,Paulo,23,Belo Horizonte,MG,Marketing,7995.0,39279,1.7,2018-11-11
396,Karina,35,Curitiba,PR,Vendas,,371931,1.7,2018-11-19
397,Tatiane,38,Fortaleza,CE,Vendas,16173.0,417104,4.8,2023-07-13
398,Olivia,59,Salvador,BA,Financeiro,17394.0,148702,2.8,2022-04-26
399,Paulo,53,Fortaleza,CE,Operações,13630.0,61063,4.2,2019-05-13
400,Karina,58,São Paulo,SP,Vendas,8784.0,249599,3.6,2024-07-27
401,Paulo,55,Fortaleza,CE,RH,17722.0,254311,3.7,2020-02-03
402,Helena,51,Curitiba,PR,Operações,9785.0,127896,1.5,2023-09-24
403,Daniela,34,Belo Horizonte,MG,RH,3800.0,166216,1.9,2020-01-29
404,Helena,54,São Paulo,SP,Vendas,9369.0,445377,4.1,2018-11-01
405,Daniela,42,Fortaleza,CE,Vendas,11935.0,489934,4.9,2021-05-04
406,Carlos,55,Curitiba,PR,Financeiro,14668.0,222146,2.1,2025-03-15
407,Carlos,29,Salvador,BA,Vendas,5597.0,208432,2.1,2018-04-29
408,Samuel,40,Fortaleza,CE,Operações,7116.0,182051,2.9,2016-12-19
409,Tatiane,59,Curitiba,PR,Operações,16594.0,97661,4.9,2019-01-03
410,Tatiane,39,Salvador,BA,Operações,2509.0,400195,2.1,2023-12-30
411,Eduardo,38,Belo Horizonte,MG,Financeiro,15771.0,419405,2.6,2020-10-05
412,Samuel,44,Fortaleza,CE,Financeiro,13117.0,173672,4.6,2025-12-11
413,Juliana,48,Salvador,BA,Vendas,8252.0,452776,1.0,2020-01-04
414,Fernanda,23,São Paulo,SP,TI,12352.0,471256,1.2,2018-09-17
415,Ana,44,Belo Horizonte,MG,TI,17517.0,123257,3.4,2019-06-18
416,Eduardo,57,São Paulo,SP,Financeiro,13323.0,454774,4.6,2024-05-23
417,Igor,51,Brasília,DF,Vendas,8795.0,348349,2.0,2021-02-27
418,Lucas,29,Rio de Janeiro,RJ,TI,7315.0,269054,2.9,2024-10-30
419,Nicolas,62,Fortaleza,CE,Vendas,3572.0,450929,2.8,2020-12-14
420,Bruno,24,Salvador,BA,Vendas,5725.0,309001,2.9,2024-09-02
421,Renata,27,Rio de Janeiro,RJ,Vendas,15646.0,34964,3.5,2022-05-30
422,Nicolas,62,Rio de Janeiro,RJ,Marketing,3816.0,478883,2.9,2022-03-06
423,Mariana,34,Salvador,BA,Operações,8199.0,418443,2.8,2025-05-07
424,Igor,43,Belo Horizonte,MG,Vendas,14837.0,399194,2.9,2019-01-16
425,Olivia,38,Fortaleza,CE,Marketing,9307.0,480743,3.4,2018-03-28
426,Olivia,45,Brasília,DF,Financeiro,9174.0,279297,3.1,2020-12-04
427,Karina,63,São Paulo,SP,TI,6183.0,321909,4.4,2021-05-14
428,Paulo,19,Curitiba,PR,Operações,9727.0,230156,1.2,2022-09-03
429,Renata,60,São Paulo,SP,TI,5773.0,108212,4.3,2022-06-30
430,Daniela,18,Curitiba,PR,Operações,9500.0,39071,4.4,2024-03-06
431,Ana,53,São Paulo,SP,TI,2645.0,112990,2.1,2018-06-07
432,Helena,43,Salvador,BA,Operações,7510.0,69519,2.9,2021-01-29
433,Renata,46,Brasília,DF,TI,,9503,,2019-03-26
434,Carlos,38,Fortaleza,CE,TI,12154.0,191775,1.9,2017-10-29
435,Vinicius,28,Curitiba,PR,TI,17077.0,457595,2.6,2017-09-24
436,Olivia,57,Fortaleza,CE,TI,15368.0,95457,1.2,2023-03-09
437,Olivia,28,Fortaleza,CE,Financeiro,17522.0,188938,2.1,2020-06-30
438,Nicolas,53,Fortaleza,CE,Vendas,12276.0,147977,4.3,2016-05-16
439,Nicolas,56,Recife,PE,RH,2982.0,45838,2.1,2021-04-30
440,Bruno,57,Belo Horizonte,MG,Marketing,5679.0,387344,4.3,2020-08-24
441,Mariana,52,São Paulo,SP,RH,3749.0,451495,3.1,2017-03-03
442,Nicolas,51,Fortaleza,CE,RH,15460.0,89489,4.5,2020-01-15
443,Tatiane,64,São Paulo,SP,Operações,3130.0,26806,3.3,2023-04-13
444,Gabriel,41,Fortaleza,CE,Vendas,17496.0,176072,1.1,2024-02-06
445,Carlos,39,Curitiba,PR,Operações,11353.0,415384,3.7,2018-03-29
446,Olivia,22,Belo Horizonte,MG,Vendas,14195.0,70119,1.2,2021-12-28
447,Nicolas,50,Belo Horizonte,MG,Vendas,5352.0,300858,2.8,2019-01-11
448,Karina,53,Salvador,BA,TI,13158.0,185165,4.7,2022-02-02
449,Olivia,64,Recife,PE,Financeiro,3487.0,317563,1.7,2016-07-16
450,Mariana,37,Salvador,BA,TI,10122.0,442361,2.6,2023-04-25
451,Samuel,36,Salvador,BA,Financeiro,9827.0,105432,3.9,2025-12-18
452,Fernanda,52,Salvador,BA,Operações,12238.0,470641,4.5,2021-06-18
453,Carlos,60,Salvador,BA,Financeiro,11341.0,355093,3.7,2023-07-01
454,Tatiane,34,Salvador,BA,Operações,11660.0,471027,2.0,2025-07-24
455,Olivia,62,Brasília,DF,RH,13329.0,395677,3.7,2022-09-14
456,Eduardo,60,Belo Horizonte,MG,RH,3600.0,407507,2.2,2017-04-15
457,Juliana,51,Salvador,BA,Financeiro,9152.0,177876,3.9,2022-03-15
458,Gabriel,26,Fortaleza,CE,Financeiro,11132.0,339115,4.8,2021-05-02
459,Renata,43,Belo Horizonte,MG,Operações,9921.0,355615,3.9,2018-07-17
460,Gabriel,19,Belo Horizonte,MG,TI,7516.0,327090,4.5,2021-07-03
461,Lucas,26,Rio de Janeiro,RJ,Operações,3269.0,361133,1.0,2023-05-03
462,Renata,26,Brasília,DF,TI,3843.0,84080,3.9,2024-03-17
463,Mariana,57,Salvador,BA,RH,16614.0,252791,4.3,2018-06-24
464,Vinicius,34,São Paulo,SP,Vendas,6858.0,454548,1.2,2022-01-31
465,Daniela,18,Curitiba,PR,Financeiro,14421.0,77794,4.5,2016-01-23
466,Juliana,42,Recife,PE,TI,14598.0,292985,2.0,2016-08-22
467,Carlos,60,Fortaleza,CE,Operações,12269.0,124447,3.7,2024-06-11
468,Igor,57,São Paulo,SP,RH,9280.0,120029,4.2,2019-01-29
469,Mariana,59,Brasília,DF,TI,14700.0,179830,3.7,2018-07-17
470,Samuel,42,Curitiba,PR,Operações,9102.0,338416,1.4,2025-11-16
471,Olivia,56,Brasília,DF,Financeiro,15786.0,37643,3.4,2017-06-06
472,Daniela,52,Fortaleza,CE,Financeiro,14043.0,443624,3.2,2020-12-13
473,Olivia,20,Belo Horizonte,MG,Marketing,15487.0,306094,4.6,2025-08-24
474,Bruno,54,Curitiba,PR,Vendas,4849.0,187921,2.6,2017-03-06
475,Olivia,61,Belo Horizonte,MG,Marketing,14294.0,362644,2.3,2018-03-03
476,Helena,61,Fortaleza,CE,RH,8199.0,159116,4.0,2020-06-17
477,Helena,47,São Paulo,SP,TI,3741.0,498685,2.7,2020-10-02
478,Renata,55,Fortaleza,CE,RH,3625.0,387732,3.6,2017-06-16
479,Lucas,51,São Paulo,SP,Operações,13293.0,15997,3.6,2024-04-14
480,Tatiane,29,Curitiba,PR,Financeiro,17123.0,341895,4.6,2020-10-12
481,Juliana,36,Curitiba,PR,Marketing,11882.0,98605,3.4,2020-08-02
482,Igor,54,Salvador,BA,Marketing,9264.0,417127,3.0,2019-08-09
483,Eduardo,61,Brasília,DF,Marketing,7601.0,317677,1.6,2023-10-28
484,Fernanda,34,Salvador,BA,RH,14823.0,344710,1.5,2018-07-01
485,Vinicius,27,Brasília,DF,Financeiro,15531.0,225942,1.6,2019-01-29
486,Bruno,64,Salvador,BA,TI,16552.0,145643,1.7,2020-03-05
487,Mariana,29,Belo Horizonte,MG,Operações,15140.0,108255,3.6,2019-08-20
488,Fernanda,33,Curitiba,PR,TI,10343.0,260298,4.0,2023-12-28
489,Eduardo,41,São Paulo,SP,RH,16710.0,487679,3.1,2023-01-31
490,Ana,36,Brasília,DF,Operações,2572.0,451157,4.3,2018-10-20
491,Fernanda,25,Fortaleza,CE,Marketing,17483.0,58005,5.0,2020-04-25
492,Fernanda,48,Brasília,DF,Vendas,7972.0,217322,4.3,2019-10-10
493,Paulo,38,São Paulo,SP,RH,12606.0,189784,3.8,2025-03-28
494,Daniela,34,Salvador,BA,RH,7689.0,43541,3.1,2020-02-28
495,Karina,40,Brasília,DF,Financeiro,4972.0,23387,2.8,2020-08-08
496,Igor,54,Recife,PE,TI,13738.0,356124,,2021-06-20
497,Carlos,33,Belo Horizonte,MG,RH,3207.0,179980,,2016-08-14
498,Tatiane,23,Curitiba,PR,RH,4304.0,85457,4.6,2019-06-13
499,Helena,25,São Paulo,SP,Marketing,,144129,4.2,2018-05-22
500,Eduardo,42,Curitiba,PR,Marketing,17663.0,64028,1.9,2018-06-10
305,Samuel,18,Rio de Janeiro,RJ,Financeiro,5363.0,72930,1.7,2024-10-04
341,Daniela,36,Belo Horizonte,MG,Marketing,6646.0,180302,4.9,2024-12-03
48,Lucas,19,Recife,PE,Vendas,5458.0,141826,4.1,2024-12-08
68,Igor,28,São Paulo,SP,Vendas,4865.0,258503,3.4,2019-11-16
480,Tatiane,29,Curitiba,PR,Financeiro,17123.0,341895,4.6,2020-10-12
486,Bruno,64,Salvador,BA,TI,16552.0,145643,1.7,2020-03-05
311,Olivia,54,Fortaleza,CE,Marketing,7260.0,256553,4.5,2023-07-13
32,Nicolas,43,São Paulo,SP,Financeiro,13074.0,310748,3.2,2023-02-20
250,Mariana,39,Belo Horizonte,MG,TI,5730.0,358918,4.9,2023-08-16
91,Vinicius,21,Fortaleza,CE,Operações,8043.0,389954,3.0,2019-06-11
